Project Number,HDI Rank (2018),HDI Value (2018),City/Town,Country,Partner Institution,Project Title,Project One-liner,Specific Discipline,Project Year,Volunteering Institution 1,Volunteering Institution 2,Volunteering Institution 3,Volunteering Institution 4,Volunteering Institution 5,Volunteering Institution 6
1,176,0.465,Monrovia,Liberia,University of Liberia,Strategic Advising,Providing institutional strategic planning advice to the President of the University of Liberia,,2010,"University of Massachusetts, USA/ Simon Fraser University, Canada",,,,,
2,42,0.847,Bio Bio Region,Chile,University of Bio Bio,University of Bio Bio Disabilities ,Assisting in setting up support services for disabled students.,,2010,"McGill University, Canada",,,,,
3,142,0.596,Cape Coast,Ghana,University of Cape Coast,Needs Assessment Department of Computer Science & IT ,Completing a needs assesment on the potential for development and delivery of a transitional doctoral program in Computer Science and Information Technology at the University.  ,Computer Science,2010,"Universite de Montreal, Canada",Retired,,,,
4,111,0.707,Yogiakarta,Indonesia,State Islamic University Yogyakarta,Developing programs for visually impaired students,Worked with the staff of the newly established Centre for Disabilities Studies and Service to develop prgrams for students with visual impairments,,2010,"McGill University, Canada",,,,,
5,176,0.465,Monrovia,Liberia,University of Liberia,University of Liberia IT Report for President ,Providing an integrated IT plan tying together the disparate components of IT with a program for reliable maintenance.,,2010,Unknown,,,,,
6,176,0.465,Monrovia,Liberia,University of Liberia,University of Liberia IScience Education,Assessing basic science and mathematics programs; providing workshop on doing classroom demonstration experiments using local equipment.,,2010,"Harvard University, USA","Harvard University, USA","MIT, USA",,,
7,157,0.536,Butare,Rwanda,National University of Rwanda,Reorganizing the Registrar's Office,"Reorganizing and enabling the registrar's office to efficiently provide administrative services (recruitment, admissions, & management of student records).",,2010,"Dalhousie University, Canada",Self-employed,,,,
8,163,0.520,Cotonou,Benin,University of D'Abomey Calavi,University of D'Abomey Calvi  ,Assisted in setting up a program to train professional dieticians.,Nutrition,2011,Unknown,Unknown,,,,
9,173,0.470,Addis Ababa,Ethiopia,Addis Ababa University,Addis Ababa University Medical School Family Medicine ,Assisting the Faculty of Medicine in setting up a residency program in family medicine.,Medicine,2011,"University of Toronto, Canada",,,,,
10,173,0.470,Awassa,Ethiopia,Hawassa University,Hawassa University Nutrition,Designing a capstone course in nutrition for the undergraduate nutrition curriculum.,Nutrition,2011,"University of Saskatchewan, Canada",,,,,
11,142,0.596,Cape Coast,Ghana,University of Cape Coast,UCC DSCIT Doctoral Programme ,Providing instruction to faculty to upgrade their ability to offer the first PhD program in Computer Science in Ghana,Computer Science,2011,"National Institute for Research in Computer Science and Automation (INRIA), France","National Institute for Research in Computer Science and Automation (INRIA), France",,,,
12,176,0.465,Monrovia,Liberia,University of Liberia,University of Liberia  Economics ,Helping set up a course in African economic development; giving a seminar for faculty in Economics on research methodology.,Economics,2011-07-02,"Carleton University, Canada",,,,,
13,176,0.465,Monrovia,Liberia,University of Liberia,University of Liberia Remedial Programme Needs Assessment ,Assessing the remedial programs in English and mathematics.,,2011,Unknown,,,,,
14,176,0.465,Monrovia,Liberia,University of Liberia,University of Liberia Remedial Programme ,Upgrading the remedial program in English and mathematics for ill-prepared incoming students.,,2011,Unknown,,,,,
15,130,0.645,Windhoek,Namibia,University of Namibia,Namibia University of Namibia Learning Centre  ,Helping establish academic support programs for students; giving seminars for faculty on collaborative teaching and learning and the peer review process.,,2011,"University of Prince Edward Island - Learning Centre, Canada",,,,,
16,130,0.645,Windhoek,Namibia,University of Namibia,University of Namibia  Science Education ,Giving a course on university teaching to new faculty; providing workshops in active teaching and learning strategies for lecturers from the various faculties.,,2011,"University of Prince Edward Island, Canada","University of Prince Edward Island, Canada","University of Prince Edward Island, Canada",,,
17,147,0.579,Patan,Nepal,Patan Academy of Health Sciences,Patan Academy Health Science Cardiology & Genetics,Delivering basic courses in cardiology and human biology; introducing and helping faculty to use problem-based and more student-based learning.,,2011,"University of British Columbia, Canada","University of Victoria, Canada","University of Calgary, Canada",,,
18,158,0.534,Ilorin,Nigeria,Kwara State University,Establishment of a Centre for Innovation and International Studies,"Assisting faculty to establish, staff, and organize a centre for innovation and international studies. ",,2011,"University of Alberta, Canada",,,,,
19,157,0.536,"Ruhande, Huye District",Rwanda,National University of Rwanda,Development of a Master's Degree in Accounting,Assisting faculty to develop curriculum for the first Master of Science in Accounting offered in Rwanda. ,Accounting,2011,"Dalhousie University - Rowe School of  Business, Canada",,,,,
20,181,0.438,Freetown,Sierra Leone,University of Sierra Leone,Exploratory  ,An exploratory visit to develop working to improve primary education in the University's catchment area.,,2011,"Simon Fraser University, Canada",,,,,
21,142,0.596,Cape Coast,Ghana,University of Cape Coast,UCC DSIT Doctoral Progamme ,Providing instruction to faculty to upgrade their ability to offer the first PhD program in Computer Science in Ghana,Computer Science,2012,"University of Rennes 1, France",,,,,
22,142,0.596,Cape Coast,Ghana,University of Cape Coast,UCC DSCIT Doctoral Programme,Providing instruction to faculty to upgrade their ability to offer the first PhD program in Computer Science in Ghana,Computer Science,2012,"University of Toronto, Canada","Technical University of Vienna, Austria",,,,
23,176,0.465,Monrovia,Liberia,University of Liberia,University of Liberia  Upgrading the Teaching of Math and English  ,Enhancing faculty members' teaching skills in Mathematics and English.,,2012,"University of Massachusetts, USA",Self-employed,"Southern Connecticut State University, USA","Higgins Middle School, USA",,
24,176,0.465,Monrovia,Liberia,University of Liberia,University of Liberia - Computer Literacy ,Giving a seminar to improve computer literacy for faculty across university and seminar in business school re. the use of computers to do research online.,,2012,"University of Massachusetts, USA",,,,,
25,176,0.465,Monrovia,Liberia,University of Liberia,University of Liberia - Internet Course ,Demonstrating the feasibility of using online tools to bring the university's students into a course taught in a classroom in Boston.,,2012,"University of Massachusetts, USA/ Simon Fraser University, Canada",,,,,
26,157,0.536,Butare,Rwanda,National University of Rwanda,Development of Policies and Procedures for Administrative Offices,Developing the capacity of junior staff to develop and implement policies and propocols for national and international visitors,,2012,University of Alberta (?),,,,,
27,173,0.470,Addis Ababa,Ethiopia,Addis Ababa University,Ethiopia Addis Ababa University - Masters in Nursing in Reproductive Health ,Enhancing the training of nurses to increase the quality of nursing care for people throughout the country.,Nursing,2012,"University of Toronto, Canada","Sunnybrook Health Sciences Centre, Canada",,,,
28,"147
134","0.579
0.617","Nairobi
Kampala","Kenya
Uganda",Aga Khan University,Mentorship for Nursing Faculty,Working with nursing faculty on three campuses to develop innovative pedagogical techniques and research skills.,Nursing,2012,"University of Saskatchewan, Canada","Vancouver Island University, Canada",deceased,,,
29,176,0.465,Monrovia,Liberia,University of Liberia,University of Liberia - Research Methodology ,Improving research projects at the business college.,,2013,"Carleton University, Canada",,,,,
30,142,0.596,Cape Coast,Ghana,University of Cape Coast,University of Cape Coast - doctorate programme in computer science ,Providing instruction to faculty to upgrade their ability to offer the first PhD program in Computer Science in Ghana,Computer Science,2013,"University of Brest, France",,,,,
31,181,0.438,"Makeni
and
Kabala",Sierra Leone,University of Makeni,University of Makeni - Upgrading the teaching of Primary School Teachers ,Enhancing the education faculty's ability to teach primary school teachers how to teach mathematics and science.,,2013,"McMaster University, Canada",Retired,Unknown,,,
32,176,0.465,Monrovia,Liberia,University of Liberia,University of Liberia - Needs Assessment ,Improving faculty's and administrators' ability to do strategic planning.,,2013,"SFU, Canada",,,,,
33,142,0.596,Cape Coast,Ghana,University of Cape Coast,"University of Cape Coast, summer 2013 ",Providing instruction to faculty to upgrade their ability to offer the first PhD program in Computer Science in Ghana,Computer Science,2013,"Universidad Autonoma de Madrid, Spain","Robert Schuman University, France",,,,
34,157,0.536,Kigali,Rwanda,University of Rwanda,Strategic Planning for a new University,Working with the Rwandan Ministry of Education to establish a framework for the amalgamation of existing public institutions into the University of Rwanda,,2013,"Carleton University, Canada","University of Utah, USA",,,,
35,147,0.579,Nairobi,Kenya,Aga Khan University,Nursing Mentorship,Continuing mentorship in research and clinical training of AKU nursing faculty members in Kenya,Nursing,2013,,,,,,
36,176,0.465,Monrovia,Liberia,University of Liberia,"University of Liberia, eLearning ",Assessing the needs and possiblities of eLearning.,,2013,"University of Massachusetts, USA",,,,,
37,134,0.617,Dewathang,Bhutan,Royal University of Bhutan,Curriculum Development for Surveying,Assisting faculty to provide instruction in surveying to engineering students and developing cirriculum for a diploma program in surveying,Surveying,2013,"Continuing Professional Development Committe (CPDC) of the Association of British Columbia Land Surveyors (ABCLS), Canada",,,,,
38,111,0.707,Yogyakarta,Indonesia,State Islamic University-Yogyakarta,Strategies for integrating students with hearing difficulties,"Assisting staff to develop policies, procedures and effective strategies for integrating students with hearing impairments.",,2013,USA,,,,,
39,176,0.465,Monrovia,Liberia ,University of Liberia,UL - eLearning ,Helping with use of online resources for faculty development and with MOOCs and other online resources in the classroom.,,2013,"University of Massachusetts, USA",,,,,
40,147,0.579,Kathmandu,Nepal,Patan Academy of Health Sciences ,PAHS MS - Gap and Upgrade Teaching Cardiovascular ,Gap teaching first-year medical students in cardiovascular block; upgrading Internal Medicine physicians in echocardiography.,Public Health,2014,"University of Alberta, Canada","University of Alberta, Canada",,,,
41,176,0.465,Monrovia,Libera,University of Liberia,Upgrading skills in the English Department,Upgrading instructors’ skills in core areas of college-level English instruction,,2014,"Harvard University, USA",,,,,
42,147,0.579,Nairobi,Kenya,Aga Khan University,Developing the Quality Assurance Framework,Assisting to set up AKU wide policies and procedures on internal quality assurance to develop a framework for regular periodic reviews,,2014,Self-employed,,,,,
43,147,0.579,Nairobi,Kenya,Aga Khan University,Faculty support for the development of the Network of Teaching and Learning,Assisting the Teaching and Learning Network to develop a framework for supporting teaching and learning across the university,,2014,"Simon Fraser University, Canada",,,,,
44,142,0.596,Cape Coast,Ghana,University of Cape Coast,UCC - January Short Course and Semester Teaching - Transition Doctoral Programme  ,Providing instruction to faculty to upgrade their ability to offer the first PhD program in Computer Science in Ghana,Computer Science,2014,"University of Ldon (RHUL), UK",,,,,
45,142,0.596,Cape Coast,Ghana,University of Cape Coast,UCC-Summer - Transition Doctoral Programme ,Providing instruction to faculty to upgrade their ability to offer the first PhD program in Computer Science in Ghana,Computer Science,2015,"University of Chile, Chile","Tampere University of Technology, (TUT), Finland",,,,
46,142,0.596,Cape Coast,Ghana,University of Cape Coast,UCC - January Short Course - Transition Doctoral Programme ,Providing instruction to faculty to upgrade their ability to offer the first PhD program in Computer Science in Ghana,Computer Science,2015,"Université Paris-Sud, France",,,,,
47,173,0.470,Mek'ele,Ethiopia ,Mekelle University,Needs Assessment for Cardiology Education,Providing a needs assessment for the requirements to develop a post-graduate residency program in Cardiology,Medicine,2015,"University of Alberta, Canada",,,,,
48,159,0.528,Arusha,Tanzania ,Nelson Mandela African Institute of Science and Technology,Environmental Governnance and Decision Making,Developing and delivering a post-gradauate course in Environmental Governance and Decison-Making. ,Environmental Science,2015,"University of Saskatachewan, Canada","University of Saskatachewan, Canada",,,,
49,147,0.579,Nairobi,Kenya,Aga Khan University,Improving Quality Assurance and Quality Improvement,Assisting in the Implementation of the AKU Quality Assurance and Improvement Framework,,2015,Self-employed,,,,,
50,142,0.596,Cape Coast,Ghana,University of Cape Coast,UCC-Transition Doctoral Programme Summer ,Providing instruction to faculty to upgrade their ability to offer the first PhD program in Computer Science in Ghana,Computer Science,2015,,,,,,
51,173,0.470,Mek'ele,Ethiopia ,Mekelle University,Needs Assessment for Gastroenterology Training ,Providing a needs assessment for the requirements to develop a post-graduate residency program in Gastroenterology,Medicine,2015,"McGill University, Canada",,,,,
52,147,0.579,Nairobi,Kenya,Aga Khan University,AKU - Communications ,Assisting with development of a digital and mobile learning strategy for the Graduate School of Media and Communication,Journalism and Communication,2015,"Univesitat Autonoma de Barcelona, Spain",,,,,
53,,,Virtual project,East Africa,Aga Khan University,Remote Mentorship of Faculty for Pedagogical Support,Working with faculty members remotely to increase the level of scholarship of teaching and learning,,2015,"University of Victoria, Canada",University of Toronto - formerly,"George Washington University, USA","Childrens Hospital of Eastern Ontario, Canada ","University of Lethbrdge, Canada","Vancouver Island University, Canada"
54,159,0.528,Dar es Salaam,Tanzania,Aga Khan University,Research Mentorship for Nursing Faculty,Providing onsite and remote support for faculty members to increase their research production and quality,Nursing,2015,"University of Saskatchewan, Canada",,,,,
55,111,0.707,Yogyakarta,Indonesia,State Islamic University-Yogyakarta,Developing Capacity at the Disabilities Centre to integrate students with hearing disabilites,Developing policies and techniques for integrating students with hearing disabilities,,2015,"University of British Columbia, Canada",,,,,
56,147,0.579,,Nepal,Patan Academy of Health Sciences ,Medical School District Hospital Program ,Teaching and supervising PAHS medical residents in their placements in the district hospitals,Medicine,2015,"See tab ""Nepal Volunteers""  volunteers sent on various visits for this project over the years",,,,,
57,106,0.712,Cebu,Philippines,San Carlos University,Developing Capacity for Statistics Education,Improving skills and knowledge in statistics for teacher training faculty,Statistics,2015,"Memorial University, Canada - retired",,,,,
58,173,0.470,Mek'ele,Ethiopia,Mekelle University,Upgrading Cardiology,Providing instruction to internal medicine physicians in the specialization of Cardiology,Medicine,2016,"University of Alberta, Canada","Northern Alberta Institute of Technology, Canada",,,,
59,142,0.596,Cape Coast,Ghana,University of Cape Coast,UCC Trans Doc Program Summer,Providing instruction to faculty to upgrade their ability to offer the first PhD program in Computer Science in Ghana,Computer Science,2016,"Universite Henri Poincare, France","Universidad Autonoma de Madrid, Spain",,,,
60,142,0.596,Cape Coast,Ghana,University of Cape Coast,UCC Trans Doc Program ,Providing instruction to faculty to upgrade their ability to offer the first PhD program in Computer Science in Ghana,Computer Science,2016,"Simon Fraser University, Canada",,,,,
61,157,0.536,Kigali,Rwanda,University Central Hospital of Kigali,MicroResearch Training Workshop,Developing capacity for local community-based research projects by health care professionals,Medicine,2016,"Dalhousie University, Canada","Dalhousie University, Canada",,,,
62,159,0.528,Ifakara,Tanzania,Tanzania Training Centre for International Health,MicroResearch Training Workshop,Developing capacity for local community-based research projects by health care professionals,Medicine,2016,"Dalhousie University, Canada","Dalhousie University, Canada",,,,
63,134,0.617,Dewathang,Bhutan,Royal University of Bhutan,Providing Instruction in Surveying,Providing gap teaching to learners in surveying at the Jigme Namgyel Engineering College,Surveying,2016,,,,,,
64,147,0.579,Karatina,Kenya,Karatina University,E-learning Needs Assessment,Providing a framework for developing a pilot program in E-learning to serve a growing and remote student community,E-Learning,2016,"Univesitat Autonoma de Barcelona, Spain",,,,,
65,147,0.579,Nairobi,Kenya,Kabarak University,MicroResearch Training Workshop,Developing capacity for local community-based research projects by health care professionals,Medicine,2016,"Dalhousie University, Canada",Dalhousie University,,,,
66,147,0.579,Kathmandu,Nepal,Patan Academy of Health Sciences ,PAHS - MS Cardio,"Providing gap teaching in Cardiology; running a research project with medical students, working with medical students from UBC.",Medicine,2016,University of British Columbia,,,,,
67,147,0.579,Kathmandu,Nepal,Patan Academy of Health Sciences ,PAHS - SPH,Developing a course on Management and Leadership and introducing problem-based learning to the faculty in the School of Public Health.,Public Health,2016,"University of Toronto, Canada",,,,,
68,173,0.470,Addis Ababa,Ethiopia,Addis Ababa University,AAU Med Lib TAAAC,Delivering workshops in library information science for healthcare professionals at Addis Ababa University and Black Lion Hospital ,Library Science,2016,"Mount Sinai Hospital, Canada","Ontario Shores Centre for Mental Health Sciences, Canada","Health Sciences North, Canada",,,
69,159,0.528,Dar es Salaam,Tanzania,Aga Khan University,Research Mentorship for Faculty,Providing mentorship to the faculty of the AKU - Institute for Educational Development to improve research quality,,2016,"University of Victoria - Retired, Canada",,,,,
70,147,0.579,Nairobi,Kenya,Gertrude's Children's Hospital,MicroResearch Training Workshop,Developing capacity for local community-based research projects by health care professionals through MicroResearch workshops,Medicine,2016,"Dalhousie University, Canada","Dalhousie University, Canada","Dalhousie University, Canada",,,
71,122,0.674,Naryn,Kyrgyzstan,University of Central Asia,Quantitative Research Training,Training to develop faculty’s quantitative research methodology skills at University of Central Asia,,2017,"Ryerson University, Canada",,,,,
72,142,0.596,Cape Coast,Ghana,University of Cape Coast,"Trans Doc Program Summer 2017
""Upgrading Qualifications""",Providing instruction to faculty to upgrade their ability to offer the first PhD program in Computer Science in Ghana,Computer Science,2017,"Inria Lille, France","Czech Technical University, Czech Republic",,,,
73,88,0.750,Lviv,Ukraine,Lviv Polytechnic National University,Participatory Research Training,Training to build capacity and course development in participatory research at Lviv Polytechnic National University. Funding by Djavad Mowafaghian Foundation.,,2017,"University of Manitoba, Canada",,,,,
74,134,0.617,Mbarara,Uganda,Mbarara University of Science & Technology,MicroResearch Training Workshop,Developing capacity for local community-based research projects by health care professionals through MicroResearch Training workshops at Mbarara University of Science and Technology.,Medicine,2017,"Dalhousie University, Canada",,,,,
75,111,0.707,Banda Aceh,Indonesia,Syiah Kuala University,Emergency Obstetrics Training,Emergency Obstetrics training aimed at improving maternal mortality rates in rural areas with Syiah Kuala University. Funding by Djavad Mowafaghian Foundation. ,Medicine,2017,"McMaster University, Canada",,,,,
76,147,0.579,Kabarak,Kenya,Kabarak University,MicroResearch Training Workshop,Developing capacity for local community-based research projects by health care professionals at Kabarak University,Medicine,2017,"Dalhousie University, Canada",,,,,
77,147,0.579,Nairobi,Kenya,Nairobi Hospital,MicroResearch Training Workshop,Enhanced medical research capacity focusing on maternal and infant health through MicroResearch Training workshops at Nairobi Hospital,Medicine,2017,"Dalhousie University, Canada",,,,,
78,147,0.579,Karatina,Kenya,Karatina University,Developing a pilot project in E-learning,Building capacity to design and deliver courses using eLearning technologies in a blended learning environment at Karatina University,,2017,"Univesitat Autonoma de Barcelona, Spain",,,,,
79,159,0.528,Dar Es Salaam,Tanzania,Aga Khan University,Postgraduate Training in Internal Medicine,Developing clinical teaching in internal medicine for post-graduate medical students at Aga Khan Hospital,Medicine,2017,"University of Alberta, Canada",,,,,
80,176,0.465,Monrovia,Liberia,University of Liberia & National Public Health Institute of Liberia,Public Health Education Needs Assessment,Identifying training needs in statistical research methods for future public health programs at University of Liberia & National Public Health Institute of Liberia,Public Health,2017,"Simon Fraser University, Canada",,,,,
81,147,0.579,Nairobi,Kenya,Aga Khan University,"T-L Net Course Content Workshop
""Teaching & Learning Course Content""",Training on designing teaching and learning courses that respond to the needs of students at Aga Khan University,,2017,Simon Fraser University,,,,,
82,147,0.579,Nairobi,Kenya,Kabarak University,MicroResearch Training Workshop,Enhancing medical research capacity focusing on maternal and infant health through MicroResearch Training workshops at Kabarak University.,Medicine,2017,"Dalhousie University, Canada","Dalhousie University, Canada",,,,
83,147,0.579,Bharatpur,Nepal,Chitwan Medical College,MicroResearch Training Workshop,Building research capacity with multi-disciplinary teams through MicroResearch workshops at Chitwan Medical College.,Medicine,2017,"Dalhousie University, Canada","Dalhousie University, Canada",,,,
84,123,0.670,Georgetown,Guyana  ,Georgetown Public Hospital Cooperation,Research Training for Family Medicine Residents,Training to develop family medicine research skills for medical residents at Georgetown Public Hospital,Medicine,2017,"University of Ottawa, Canada","Northern Ontario School of Medicine, Canada",,,,
85,"V: 118
C: 146","V: 0.693
C: 0.581","Hanoi, Vietnam
Phnom Penh, Cambodia","Vietnam 
Cambodia",Vietnam National University - University of Social Sciences & Humanities / Royal University of Phnom Penh,Research Training for Social Work & Development Studies ,Training in research for social work and development studies at Vietnam National University-University of Social Sciences and Humanities-Hanoi. Funding by Djavad Mowafaghian Foundation.,Social Work,2017,"University of Calgary, Canada",,,,,
86,63,0.799,Novi Sad,Serbia,University of Novi Sad,Natural Resource Conservation,Training to develop capacity in natural resource management and ecotourism for regional economic development at the University of Novi Sad. Funding by Djavad Mowafaghian Foundation.,Geography,2018,"University of Manitoba, Canada",,,,,
87,134,0.617,Mbarara,Uganda,Mbarara University of Science & Technology,MicroResearch Training Workshop,Building medical research capacity focusing on maternal and infant health  through MicroResearch Training workshops at the Mbarara University of Science and Technology.,Medicine,2018,"Dalhousie University, Canada",,,,,
88,142,0.596,"Hohoe, Volta Region",Ghana,University of Health and Allied Sciences,Graduate Programs in Public Health,Building capacity to deliver graduate programs in Public Health at the University of Health and Allied Sciences,Public Health,2017,"University of Alberta, Canada",,,,,
89,173,0.470,Bahir Dar,Ethiopia,Bahir Dar University - School of Law,PhD in Law Program,Providing co teaching and curriculum development for newly established PhD in Law program at Bahir Dar University Law School,Law,2017,"Western University, Canada","Brock University, Canada","Seneca College, Canada",,,
90,172,0.485,Lilongwe,Malawi,Kamuzu College of Nursing,Research & Academic Writing Training,Workshops and one-to-one mentoring developing research and academic writing capacity for faculty at Kamuzu College of Nursing. Funding by Djavad Mowafaghian Foundation. ,Nursing,2018,"University of Saskatchewan, Canada","University of Saskatchewan, Canada",,,,
91,147,0.579,Nairobi,Kenya,University of Nairobi,Research Training in Virology,"Providing training on basic virology techniques and biosafety practices to junior faculty members at the Institute for Tropical and Infectious Diseases, University of Nairobi",Microbiology,2017,"University of Manitoba, Canada",,,,,
92,147,0.579,Kabarak,Kenya,Kabarak University,MicroResearch Training Workshops,Enhancing medical research capacity focusing on maternal and infant health at Kabarak University,Medicine,2018,"Dalhousie University, Canada","Dalhousie University, Canada",,,,
93,147,0.579,Lalitpur,Nepal,Patan Academy of Health Sciences ,Curriculum Development and Co-teaching - School of Public Health,Assisting in the development and delivery of curriculum in the newly established School of Public Health at PAHS,Public Health,2018,"University of California (Davis), USA","University of Victoria, Canada",,,,
94,129,0.647,Lakkidi,India,Kerala Veterinary and Animal Sciences University,Veterinary Training,"Providing training and mentorship on One Health concepts, curriculum development, research ethics and integrity, and community development activities at Kerala Veterinary and Animal Sciences University. ",Veterinary Science,2018,"University of Calgary, Canada","University of Calgary, Canada",,,,
95,147,0.579,,Kenya,Kenyatta University,"Education for Sustainable Development, Research Training",Developing course curriculum and offering professional development workshops in the area of applied research. ,,2017,"University of Saskatchewan, Canada","University of Saskatchewan, Canada",,,,
96,159,0.528,,Tanzania,Kilimanjaro Christian Medical University College,Surgical Training for Advanced Cancer,Providing training at Kilimanjaro Christian Medical University College for surgical treatment of advanced cancers affecting women.,Medicine,2018,Queens University,University of Saskatchewan,University of Ottawa,University of Calgary,University of Calgary,University of Calgary
98,168,0.507,Dongola,Sudan,University of Dongola,Enhancing Research Capacity Among Emerging Scholars,Building the research skills capacity of the faculty with a particular emphasis on immigration and refugee studies. ,Migration Studies,2018,"University of Calgary, Canada",,,,,
99,157,0.536,Kigali,Rwanda,University Teaching Hospital of Kigali (CHUK),MicroResearch Training Workshops,Building medical research capacity focusing on maternal and infant health through MicroResearch Training workshops at the University Teaching Hospital Kigali,Medicine,2018,"Dalhousie University, Canada","Universite de Montreal, Canada","Hopital de Sacre-Coeur de Montreal, Canada",,,
100,147,0.579,Bharatpur,Nepal,Chitwan Medical College,MicroReseach Training Workshops,Building medical research capacity focusing on maternal and infant health through MicroResearch Training workshops at the Chitwan Medical College,Medicine,2018,"Dalhousie University, Canada","Dalhousie University, Canada",,,,
101,142,0.596,Accra,Ghana,University of Ghana,Capacity Building of Social Work Educators and Social Service Practitioners,Building curriculum and providing training for social work practitioners working with people with intellectual disabilities. Funding by R. Howard Webster Foundation.,Social Work,2018,"University of Manitoba, Canada","University of Manitoba, Canada",,,,
102,166,0.514,,Senegal,African Institute for Mathematical Sciences,Building an Institutional Environmental Policy,Developing an institution-wide environmental policy and implementation strategy including a staff training plan for the African Institute of Mathematical Sciences ,,2019,University of Calgary,,,,,
103,134,0.617,Mbarara,Uganda,University of Saint Joseph Mbarara,Strategic Planning at a New University,"Reviewing and updating the five-year strategic plan for the University of Saint Joseph Mbarara, a new university in Western Uganda",,2018,"Carleton University, Canada",,,,,
104,147,0.579,,Kenya,Kabarak University,MicroResearch Training Workshops,Building medical research capacity focusing on maternal and infant health  through MicroResearch Training workshops at Kabarak University.,Medicine,2019,Dalhousie University,,,,,
105,147,0.579,Nairobi,Kenya,Nairobi Hospital,MicroResearch Training Workshops,Building medical research capacity focusing on maternal and infant health  through MicroResearch Training workshops at Nairobi Hospital.,Medicine,2018,"Dalhousie University, Canada","Dalhousie University, Canada",,,,
106,79,0.761,Acre,Brazil ,Federal University of Acre,Qualitative Health Research: Enhancing Researcher Qualifications,Building curriculum and providing training in qualitative research for the development of a master's program in Health Research. ,Public Health,2018,"University of Toronto, Canada","University of Toronto, Canada",,,,
107,134,0.617,,Uganda,Mbarara University of Science & Technology,MicroResearch Training Workshops,Building medical research capacity focusing on maternal and infant health  through MicroResearch Training workshops at Mbarara University of Science and Technology.,Medicine,2018,Dalhousie University,Dalhousie University,,,,
109,173,0.470,,Ethiopia,Injibara University,Statistics Training for Research,Statistical knowledge for building the research capacity and productivity of Injibara University,Statistics,2019,Dalhousie University,,,,,
110,79,0.761,Medellin,Colombia,Universidad de Antioquia,Research Training in Health Systems,Strengthening university health research collaborations with Indigenous organizations of Cauca at the Universidad de Antioquia,,2019,"University of Manitoba, Canada",,,,,
111,134,0.617,Kampala,Uganda,Kyambogo University,Building capacity in literary and visual arts scholarship in Uganda,"Providing workshop instruction and mentorship for Ugandan artists and scholarly writers, particularly in artistic research at Kyambogo University",Fine Arts,2019,MacEwan University,Concordia University,,,,
112,173,0.470,Adigrat,Ethiopia,Adigrat University,Using Evidence Based Medicine to Inform Policy and Practice Workshop,Providing intensive workshops targeted to faculty and hospital staff to improve the research output of the College of Medicine at Adigrat Unviersity,Medicine,2019,"University of Saskatchewan, Canada","University of Saskatchewan, Canada",,,,
113,147,0.579,Nairobi,Kenya,Aga Khan University,Development of an MSc in Population Health Science,"Working with the faculty to develop curriculum, content and an implimentation strategy for the new MSc in Population Health Science at Aga Khan University",Medicine,2019,"Brock University, Canada",,,,,
114,157,0.536,Kigali,Rwanda,University of Global Health Equity,Enhancing Teaching and Learning in the Medical Education program at the University of Global Health Equity,Working with the medical faculty to develop the curriculum and content for a master's degree in Medical Education at the University of Global Health Equity,,2019,"Brock University, Canada",,,,,
115,147,0.579,Kabarak,Kenya,Kabarak University,MicroResearch Training Workshops,Building medical research capacity focusing on maternal and infant health  through MicroResearch Training workshops at Kabarak University,Medicine,2019,"Dalhousie University, Canada",,,,,
116,134,0.617,Kampala,Uganda,Mildmay Health Centre,MicroResearch Training Workshops,Building medical research capacity focusing on maternal and infant health  through MicroResearch training workshops at Mildmay Health Centre,Medicine,2019,"Dalhousie University, Canada","Dalhousie University, Canada",,,,
118,157,0.536,"Kigal
and
Butaro",Rwanda,University of Global Health Equity,Needs Assessment for e-Learning,Working with the faculty and staff to establish the needs and opportunities for online and blended delivery program at the University of Global Health Equity,Medicine,2019,"University of Manitoba, Canada",,,,,
119,129,0.647,Lucknow,India,King George's Medical University,Enhancing Pediatric Intensive Care,Developing and implementing paediatric intensive care protocols and training programs at King George's Medical University,Medicine,2019,"University of Manitoba, Canada","University of Manitoba, Canada",,,,
121,157,0.536,"Kigal
and
Butaro",Rwanda,University of Global Health Equity,Development of a Master's Degree in Medical Education,Developing a master’s degree in Medical Education program at the University of Global Health Equity,Medicine,2019,"University of Alberta, Canada",,,,,
122,113,0.705,Durban,South Africa,Mangosuthu University of Technology,Academic Writing Training,Developing faculty members' academic teaching skills to enhance teaching and research capacity at the Mangosuthu University of Technology,,2019,"Carleton University, Canada",Carleton University,Carleton University,,,
124,147,0.579,Kabarak,Kenya,Kabarak University,MicroResearch - Residents Workshop Review and Evaluation,Evaluating medical research capacity for residents that have undertaken MicroResearch Training workshops at Kabarak University,Medicine,2019,"University of British Columbia, Canada","University of British Columbia, Canada",,,,
125,123,0.670,Georgetown,Guyana  ,Georgetown Public Hospital Corporation,MicroResearch-Needs Assessment for Faculty Research Training,Conducting a needs assessment for research training needs for faculty and residents at the Georgetown Public Hospital Corporation,Medicine,2019,"Dalhousie University, Canada",,,,,
131,134,0.617,Mbarara,Uganda,Mbarara University of Science & Technology,MicroResearch Training Workshop,Building medical research capacity focusing on maternal and infant health through MicroResearch Training workshops at Mildmay Health Centre,Medicine,2019,"Dalhousie University, Canada","Dalhousie University, Canada",,,,
137,79,0.761,Manizales,Colombia,Universidad de Caldas,Capacity building for applied art-science projects in Colombia,Building capacity for interdisciplinary applied art-science projects to solve complex local problems at the University of Caldas,,2020,"Concordia University, Canada",,,,,
,,,,,,,,,,,,,,,
,,,,,,,,,,,,,,,
,,,,,,,,,,,,,,,
,,,,,,,,,,,,,,,
,,,,,,,,,,,,,,,
,,,,,,,,,,,,,,,
,,,,,,,,,,,,,,,
,,,,,,,,,,,,,,,
,,,,,,,,,,,,,,,
,,,,,,,,,,,,,,,
,,,,,,,,,,,,,,,
,,,,,,,,,,,,,,,
,,,,,,,,,,,,,,,
,,,,,,,,,,,,,,,
,,,,,,,,,,,,,,,
,,,,,,,,,,,,,,,
,,,,,,,,,,,,,,,
,,,,,,,,,,,,,,,
,,,,,,,,,,,,,,,
,,,,,,,,,,,,,,,
,,,,,,,,,,,,,,,
,,,,,,,,,,,,,,,
,,,,,,,,,,,,,,,
,,,,,,,,,,,,,,,
,,,,,,,,,,,,,,,
,,,,,,,,,,,,,,,
,,,,,,,,,,,,,,,
,,,,,,,,,,,,,,,
,,,,,,,,,,,,,,,
,,,,,,,,,,,,,,,
,,,,,,,,,,,,,,,
,,,,,,,,,,,,,,,
,,,,,,,,,,,,,,,
,,,,,,,,,,,,,,,
,,,,,,,,,,,,,,,
,,,,,,,,,,,,,,,
,,,,,,,,,,,,,,,
,,,,,,,,,,,,,,,
,,,,,,,,,,,,,,,
,,,,,,,,,,,,,,,
,,,,,,,,,,,,,,,
,,,,,,,,,,,,,,,
,,,,,,,,,,,,,,,
,,,,,,,,,,,,,,,
,,,,,,,,,,,,,,,
,,,,,,,,,,,,,,,
,,,,,,,,,,,,,,,
,,,,,,,,,,,,,,,
,,,,,,,,,,,,,,,
,,,,,,,,,,,,,,,
,,,,,,,,,,,,,,,
,,,,,,,,,,,,,,,
,,,,,,,,,,,,,,,
,,,,,,,,,,,,,,,
,,,,,,,,,,,,,,,
,,,,,,,,,,,,,,,
,,,,,,,,,,,,,,,
,,,,,,,,,,,,,,,
,,,,,,,,,,,,,,,
,,,,,,,,,,,,,,,
,,,,,,,,,,,,,,,
,,,,,,,,,,,,,,,
,,,,,,,,,,,,,,,
,,,,,,,,,,,,,,,
,,,,,,,,,,,,,,,
,,,,,,,,,,,,,,,
,,,,,,,,,,,,,,,
,,,,,,,,,,,,,,,
,,,,,,,,,,,,,,,
,,,,,,,,,,,,,,,
,,,,,,,,,,,,,,,
,,,,,,,,,,,,,,,
,,,,,,,,,,,,,,,
,,,,,,,,,,,,,,,
,,,,,,,,,,,,,,,
,,,,,,,,,,,,,,,
,,,,,,,,,,,,,,,
,,,,,,,,,,,,,,,
,,,,,,,,,,,,,,,
,,,,,,,,,,,,,,,
,,,,,,,,,,,,,,,
,,,,,,,,,,,,,,,
,,,,,,,,,,,,,,,
,,,,,,,,,,,,,,,
,,,,,,,,,,,,,,,
,,,,,,,,,,,,,,,
,,,,,,,,,,,,,,,
,,,,,,,,,,,,,,,
,,,,,,,,,,,,,,,
,,,,,,,,,,,,,,,
,,,,,,,,,,,,,,,
,,,,,,,,,,,,,,,
,,,,,,,,,,,,,,,
,,,,,,,,,,,,,,,
,,,,,,,,,,,,,,,
,,,,,,,,,,,,,,,
,,,,,,,,,,,,,,,
,,,,,,,,,,,,,,,
,,,,,,,,,,,,,,,
,,,,,,,,,,,,,,,
,,,,,,,,,,,,,,,
,,,,,,,,,,,,,,,
,,,,,,,,,,,,,,,
,,,,,,,,,,,,,,,
,,,,,,,,,,,,,,,
,,,,,,,,,,,,,,,
,,,,,,,,,,,,,,,
,,,,,,,,,,,,,,,
,,,,,,,,,,,,,,,
,,,,,,,,,,,,,,,
,,,,,,,,,,,,,,,
,,,,,,,,,,,,,,,
,,,,,,,,,,,,,,,
,,,,,,,,,,,,,,,
,,,,,,,,,,,,,,,
,,,,,,,,,,,,,,,
,,,,,,,,,,,,,,,
,,,,,,,,,,,,,,,
,,,,,,,,,,,,,,,
,,,,,,,,,,,,,,,
,,,,,,,,,,,,,,,
,,,,,,,,,,,,,,,
,,,,,,,,,,,,,,,
,,,,,,,,,,,,,,,
,,,,,,,,,,,,,,,
,,,,,,,,,,,,,,,
,,,,,,,,,,,,,,,
,,,,,,,,,,,,,,,
,,,,,,,,,,,,,,,
,,,,,,,,,,,,,,,
,,,,,,,,,,,,,,,
,,,,,,,,,,,,,,,
,,,,,,,,,,,,,,,
,,,,,,,,,,,,,,,
,,,,,,,,,,,,,,,
,,,,,,,,,,,,,,,
,,,,,,,,,,,,,,,
,,,,,,,,,,,,,,,
,,,,,,,,,,,,,,,
,,,,,,,,,,,,,,,
,,,,,,,,,,,,,,,
,,,,,,,,,,,,,,,
,,,,,,,,,,,,,,,
,,,,,,,,,,,,,,,
,,,,,,,,,,,,,,,
,,,,,,,,,,,,,,,
,,,,,,,,,,,,,,,
,,,,,,,,,,,,,,,
,,,,,,,,,,,,,,,
,,,,,,,,,,,,,,,
,,,,,,,,,,,,,,,
,,,,,,,,,,,,,,,
,,,,,,,,,,,,,,,
,,,,,,,,,,,,,,,
,,,,,,,,,,,,,,,
,,,,,,,,,,,,,,,
,,,,,,,,,,,,,,,
,,,,,,,,,,,,,,,
,,,,,,,,,,,,,,,
,,,,,,,,,,,,,,,
,,,,,,,,,,,,,,,
,,,,,,,,,,,,,,,
,,,,,,,,,,,,,,,
,,,,,,,,,,,,,,,
,,,,,,,,,,,,,,,
,,,,,,,,,,,,,,,
,,,,,,,,,,,,,,,
,,,,,,,,,,,,,,,
,,,,,,,,,,,,,,,
,,,,,,,,,,,,,,,
,,,,,,,,,,,,,,,
,,,,,,,,,,,,,,,
,,,,,,,,,,,,,,,
,,,,,,,,,,,,,,,
,,,,,,,,,,,,,,,
,,,,,,,,,,,,,,,
,,,,,,,,,,,,,,,
,,,,,,,,,,,,,,,
,,,,,,,,,,,,,,,
,,,,,,,,,,,,,,,
,,,,,,,,,,,,,,,
,,,,,,,,,,,,,,,
,,,,,,,,,,,,,,,
,,,,,,,,,,,,,,,
,,,,,,,,,,,,,,,
,,,,,,,,,,,,,,,
,,,,,,,,,,,,,,,
,,,,,,,,,,,,,,,
,,,,,,,,,,,,,,,
,,,,,,,,,,,,,,,
,,,,,,,,,,,,,,,
,,,,,,,,,,,,,,,
,,,,,,,,,,,,,,,
,,,,,,,,,,,,,,,
,,,,,,,,,,,,,,,
,,,,,,,,,,,,,,,
,,,,,,,,,,,,,,,
,,,,,,,,,,,,,,,
,,,,,,,,,,,,,,,
,,,,,,,,,,,,,,,
,,,,,,,,,,,,,,,
,,,,,,,,,,,,,,,
,,,,,,,,,,,,,,,
,,,,,,,,,,,,,,,
,,,,,,,,,,,,,,,
,,,,,,,,,,,,,,,
,,,,,,,,,,,,,,,
,,,,,,,,,,,,,,,
,,,,,,,,,,,,,,,
,,,,,,,,,,,,,,,
,,,,,,,,,,,,,,,
,,,,,,,,,,,,,,,
,,,,,,,,,,,,,,,
,,,,,,,,,,,,,,,
,,,,,,,,,,,,,,,
,,,,,,,,,,,,,,,
,,,,,,,,,,,,,,,
,,,,,,,,,,,,,,,
,,,,,,,,,,,,,,,
,,,,,,,,,,,,,,,
,,,,,,,,,,,,,,,
,,,,,,,,,,,,,,,
,,,,,,,,,,,,,,,
,,,,,,,,,,,,,,,
,,,,,,,,,,,,,,,
,,,,,,,,,,,,,,,
,,,,,,,,,,,,,,,
,,,,,,,,,,,,,,,
,,,,,,,,,,,,,,,
,,,,,,,,,,,,,,,
,,,,,,,,,,,,,,,
,,,,,,,,,,,,,,,
,,,,,,,,,,,,,,,
,,,,,,,,,,,,,,,
,,,,,,,,,,,,,,,
,,,,,,,,,,,,,,,
,,,,,,,,,,,,,,,
,,,,,,,,,,,,,,,
,,,,,,,,,,,,,,,
,,,,,,,,,,,,,,,
,,,,,,,,,,,,,,,
,,,,,,,,,,,,,,,
,,,,,,,,,,,,,,,
,,,,,,,,,,,,,,,
,,,,,,,,,,,,,,,
,,,,,,,,,,,,,,,
,,,,,,,,,,,,,,,
,,,,,,,,,,,,,,,
,,,,,,,,,,,,,,,
,,,,,,,,,,,,,,,
,,,,,,,,,,,,,,,
,,,,,,,,,,,,,,,
,,,,,,,,,,,,,,,
,,,,,,,,,,,,,,,
,,,,,,,,,,,,,,,
,,,,,,,,,,,,,,,
,,,,,,,,,,,,,,,
,,,,,,,,,,,,,,,
,,,,,,,,,,,,,,,
,,,,,,,,,,,,,,,
,,,,,,,,,,,,,,,
,,,,,,,,,,,,,,,
,,,,,,,,,,,,,,,
,,,,,,,,,,,,,,,
,,,,,,,,,,,,,,,
,,,,,,,,,,,,,,,
,,,,,,,,,,,,,,,
,,,,,,,,,,,,,,,
,,,,,,,,,,,,,,,
,,,,,,,,,,,,,,,
,,,,,,,,,,,,,,,
,,,,,,,,,,,,,,,
,,,,,,,,,,,,,,,
,,,,,,,,,,,,,,,
,,,,,,,,,,,,,,,
,,,,,,,,,,,,,,,
,,,,,,,,,,,,,,,
,,,,,,,,,,,,,,,
,,,,,,,,,,,,,,,
,,,,,,,,,,,,,,,
,,,,,,,,,,,,,,,
,,,,,,,,,,,,,,,
,,,,,,,,,,,,,,,
,,,,,,,,,,,,,,,
,,,,,,,,,,,,,,,
,,,,,,,,,,,,,,,
,,,,,,,,,,,,,,,
,,,,,,,,,,,,,,,
,,,,,,,,,,,,,,,
,,,,,,,,,,,,,,,
,,,,,,,,,,,,,,,
,,,,,,,,,,,,,,,
,,,,,,,,,,,,,,,
,,,,,,,,,,,,,,,
,,,,,,,,,,,,,,,
,,,,,,,,,,,,,,,
,,,,,,,,,,,,,,,
,,,,,,,,,,,,,,,
,,,,,,,,,,,,,,,
,,,,,,,,,,,,,,,
,,,,,,,,,,,,,,,
,,,,,,,,,,,,,,,
,,,,,,,,,,,,,,,
,,,,,,,,,,,,,,,
,,,,,,,,,,,,,,,
,,,,,,,,,,,,,,,
,,,,,,,,,,,,,,,
,,,,,,,,,,,,,,,
,,,,,,,,,,,,,,,
,,,,,,,,,,,,,,,
,,,,,,,,,,,,,,,
,,,,,,,,,,,,,,,
,,,,,,,,,,,,,,,
,,,,,,,,,,,,,,,
,,,,,,,,,,,,,,,
,,,,,,,,,,,,,,,
,,,,,,,,,,,,,,,
,,,,,,,,,,,,,,,
,,,,,,,,,,,,,,,
,,,,,,,,,,,,,,,
,,,,,,,,,,,,,,,
,,,,,,,,,,,,,,,
,,,,,,,,,,,,,,,
,,,,,,,,,,,,,,,
,,,,,,,,,,,,,,,
,,,,,,,,,,,,,,,
,,,,,,,,,,,,,,,
,,,,,,,,,,,,,,,
,,,,,,,,,,,,,,,
,,,,,,,,,,,,,,,
,,,,,,,,,,,,,,,
,,,,,,,,,,,,,,,
,,,,,,,,,,,,,,,
,,,,,,,,,,,,,,,
,,,,,,,,,,,,,,,
,,,,,,,,,,,,,,,
,,,,,,,,,,,,,,,
,,,,,,,,,,,,,,,
,,,,,,,,,,,,,,,
,,,,,,,,,,,,,,,
,,,,,,,,,,,,,,,
,,,,,,,,,,,,,,,
,,,,,,,,,,,,,,,
,,,,,,,,,,,,,,,
,,,,,,,,,,,,,,,
,,,,,,,,,,,,,,,
,,,,,,,,,,,,,,,
,,,,,,,,,,,,,,,
,,,,,,,,,,,,,,,
,,,,,,,,,,,,,,,
,,,,,,,,,,,,,,,
,,,,,,,,,,,,,,,
,,,,,,,,,,,,,,,
,,,,,,,,,,,,,,,
,,,,,,,,,,,,,,,
,,,,,,,,,,,,,,,
,,,,,,,,,,,,,,,
,,,,,,,,,,,,,,,
,,,,,,,,,,,,,,,
,,,,,,,,,,,,,,,
,,,,,,,,,,,,,,,
,,,,,,,,,,,,,,,
,,,,,,,,,,,,,,,
,,,,,,,,,,,,,,,
,,,,,,,,,,,,,,,
,,,,,,,,,,,,,,,
,,,,,,,,,,,,,,,
,,,,,,,,,,,,,,,
,,,,,,,,,,,,,,,
,,,,,,,,,,,,,,,
,,,,,,,,,,,,,,,
,,,,,,,,,,,,,,,
,,,,,,,,,,,,,,,
,,,,,,,,,,,,,,,
,,,,,,,,,,,,,,,
,,,,,,,,,,,,,,,
,,,,,,,,,,,,,,,
,,,,,,,,,,,,,,,
,,,,,,,,,,,,,,,
,,,,,,,,,,,,,,,
,,,,,,,,,,,,,,,
,,,,,,,,,,,,,,,
,,,,,,,,,,,,,,,
,,,,,,,,,,,,,,,
,,,,,,,,,,,,,,,
,,,,,,,,,,,,,,,
,,,,,,,,,,,,,,,
,,,,,,,,,,,,,,,
,,,,,,,,,,,,,,,
,,,,,,,,,,,,,,,
,,,,,,,,,,,,,,,
,,,,,,,,,,,,,,,
,,,,,,,,,,,,,,,
,,,,,,,,,,,,,,,
,,,,,,,,,,,,,,,
,,,,,,,,,,,,,,,
,,,,,,,,,,,,,,,
,,,,,,,,,,,,,,,
,,,,,,,,,,,,,,,
,,,,,,,,,,,,,,,
,,,,,,,,,,,,,,,
,,,,,,,,,,,,,,,
,,,,,,,,,,,,,,,
,,,,,,,,,,,,,,,
,,,,,,,,,,,,,,,
,,,,,,,,,,,,,,,
,,,,,,,,,,,,,,,
,,,,,,,,,,,,,,,
,,,,,,,,,,,,,,,
,,,,,,,,,,,,,,,
,,,,,,,,,,,,,,,
,,,,,,,,,,,,,,,
,,,,,,,,,,,,,,,
,,,,,,,,,,,,,,,
,,,,,,,,,,,,,,,
,,,,,,,,,,,,,,,
,,,,,,,,,,,,,,,
,,,,,,,,,,,,,,,
,,,,,,,,,,,,,,,
,,,,,,,,,,,,,,,
,,,,,,,,,,,,,,,
,,,,,,,,,,,,,,,
,,,,,,,,,,,,,,,
,,,,,,,,,,,,,,,
,,,,,,,,,,,,,,,
,,,,,,,,,,,,,,,
,,,,,,,,,,,,,,,
,,,,,,,,,,,,,,,
,,,,,,,,,,,,,,,
,,,,,,,,,,,,,,,
,,,,,,,,,,,,,,,
,,,,,,,,,,,,,,,
,,,,,,,,,,,,,,,
,,,,,,,,,,,,,,,
,,,,,,,,,,,,,,,
,,,,,,,,,,,,,,,
,,,,,,,,,,,,,,,
,,,,,,,,,,,,,,,
,,,,,,,,,,,,,,,
,,,,,,,,,,,,,,,
,,,,,,,,,,,,,,,
,,,,,,,,,,,,,,,
,,,,,,,,,,,,,,,
,,,,,,,,,,,,,,,
,,,,,,,,,,,,,,,
,,,,,,,,,,,,,,,
,,,,,,,,,,,,,,,
,,,,,,,,,,,,,,,
,,,,,,,,,,,,,,,
,,,,,,,,,,,,,,,
,,,,,,,,,,,,,,,
,,,,,,,,,,,,,,,
,,,,,,,,,,,,,,,
,,,,,,,,,,,,,,,
,,,,,,,,,,,,,,,
,,,,,,,,,,,,,,,
,,,,,,,,,,,,,,,
,,,,,,,,,,,,,,,
,,,,,,,,,,,,,,,
,,,,,,,,,,,,,,,
,,,,,,,,,,,,,,,
,,,,,,,,,,,,,,,
,,,,,,,,,,,,,,,
,,,,,,,,,,,,,,,
,,,,,,,,,,,,,,,
,,,,,,,,,,,,,,,
,,,,,,,,,,,,,,,
,,,,,,,,,,,,,,,
,,,,,,,,,,,,,,,
,,,,,,,,,,,,,,,
,,,,,,,,,,,,,,,
,,,,,,,,,,,,,,,
,,,,,,,,,,,,,,,
,,,,,,,,,,,,,,,
,,,,,,,,,,,,,,,
,,,,,,,,,,,,,,,
,,,,,,,,,,,,,,,
,,,,,,,,,,,,,,,
,,,,,,,,,,,,,,,
,,,,,,,,,,,,,,,
,,,,,,,,,,,,,,,
,,,,,,,,,,,,,,,
,,,,,,,,,,,,,,,
,,,,,,,,,,,,,,,
,,,,,,,,,,,,,,,
,,,,,,,,,,,,,,,
,,,,,,,,,,,,,,,
,,,,,,,,,,,,,,,
,,,,,,,,,,,,,,,
,,,,,,,,,,,,,,,
,,,,,,,,,,,,,,,
,,,,,,,,,,,,,,,
,,,,,,,,,,,,,,,
,,,,,,,,,,,,,,,
,,,,,,,,,,,,,,,
,,,,,,,,,,,,,,,
,,,,,,,,,,,,,,,
,,,,,,,,,,,,,,,
,,,,,,,,,,,,,,,
,,,,,,,,,,,,,,,
,,,,,,,,,,,,,,,
,,,,,,,,,,,,,,,
,,,,,,,,,,,,,,,
,,,,,,,,,,,,,,,
,,,,,,,,,,,,,,,
,,,,,,,,,,,,,,,
,,,,,,,,,,,,,,,
,,,,,,,,,,,,,,,
,,,,,,,,,,,,,,,
,,,,,,,,,,,,,,,
,,,,,,,,,,,,,,,
,,,,,,,,,,,,,,,
,,,,,,,,,,,,,,,
,,,,,,,,,,,,,,,
,,,,,,,,,,,,,,,
,,,,,,,,,,,,,,,
,,,,,,,,,,,,,,,
,,,,,,,,,,,,,,,
,,,,,,,,,,,,,,,
,,,,,,,,,,,,,,,
,,,,,,,,,,,,,,,
,,,,,,,,,,,,,,,
,,,,,,,,,,,,,,,
,,,,,,,,,,,,,,,
,,,,,,,,,,,,,,,
,,,,,,,,,,,,,,,
,,,,,,,,,,,,,,,
,,,,,,,,,,,,,,,
,,,,,,,,,,,,,,,
,,,,,,,,,,,,,,,
,,,,,,,,,,,,,,,
,,,,,,,,,,,,,,,
,,,,,,,,,,,,,,,
,,,,,,,,,,,,,,,
,,,,,,,,,,,,,,,
,,,,,,,,,,,,,,,
,,,,,,,,,,,,,,,
,,,,,,,,,,,,,,,
,,,,,,,,,,,,,,,
,,,,,,,,,,,,,,,
,,,,,,,,,,,,,,,
,,,,,,,,,,,,,,,
,,,,,,,,,,,,,,,
,,,,,,,,,,,,,,,
,,,,,,,,,,,,,,,
,,,,,,,,,,,,,,,
,,,,,,,,,,,,,,,
,,,,,,,,,,,,,,,
,,,,,,,,,,,,,,,
,,,,,,,,,,,,,,,
,,,,,,,,,,,,,,,
,,,,,,,,,,,,,,,
,,,,,,,,,,,,,,,
,,,,,,,,,,,,,,,
,,,,,,,,,,,,,,,
,,,,,,,,,,,,,,,
,,,,,,,,,,,,,,,
,,,,,,,,,,,,,,,
,,,,,,,,,,,,,,,
,,,,,,,,,,,,,,,
,,,,,,,,,,,,,,,
,,,,,,,,,,,,,,,
,,,,,,,,,,,,,,,
,,,,,,,,,,,,,,,
,,,,,,,,,,,,,,,
,,,,,,,,,,,,,,,
,,,,,,,,,,,,,,,
,,,,,,,,,,,,,,,
,,,,,,,,,,,,,,,
,,,,,,,,,,,,,,,
,,,,,,,,,,,,,,,
,,,,,,,,,,,,,,,
,,,,,,,,,,,,,,,
,,,,,,,,,,,,,,,
,,,,,,,,,,,,,,,
,,,,,,,,,,,,,,,
,,,,,,,,,,,,,,,
,,,,,,,,,,,,,,,
,,,,,,,,,,,,,,,
,,,,,,,,,,,,,,,
,,,,,,,,,,,,,,,
,,,,,,,,,,,,,,,
,,,,,,,,,,,,,,,
,,,,,,,,,,,,,,,
,,,,,,,,,,,,,,,
,,,,,,,,,,,,,,,
,,,,,,,,,,,,,,,
,,,,,,,,,,,,,,,
,,,,,,,,,,,,,,,
,,,,,,,,,,,,,,,
,,,,,,,,,,,,,,,
,,,,,,,,,,,,,,,
,,,,,,,,,,,,,,,
,,,,,,,,,,,,,,,
,,,,,,,,,,,,,,,
,,,,,,,,,,,,,,,
,,,,,,,,,,,,,,,
,,,,,,,,,,,,,,,
,,,,,,,,,,,,,,,
,,,,,,,,,,,,,,,
,,,,,,,,,,,,,,,
,,,,,,,,,,,,,,,
,,,,,,,,,,,,,,,
,,,,,,,,,,,,,,,
,,,,,,,,,,,,,,,
,,,,,,,,,,,,,,,
,,,,,,,,,,,,,,,
,,,,,,,,,,,,,,,
,,,,,,,,,,,,,,,
,,,,,,,,,,,,,,,
,,,,,,,,,,,,,,,
,,,,,,,,,,,,,,,
,,,,,,,,,,,,,,,
,,,,,,,,,,,,,,,
,,,,,,,,,,,,,,,
,,,,,,,,,,,,,,,
,,,,,,,,,,,,,,,
,,,,,,,,,,,,,,,
,,,,,,,,,,,,,,,
,,,,,,,,,,,,,,,
,,,,,,,,,,,,,,,
,,,,,,,,,,,,,,,
,,,,,,,,,,,,,,,
,,,,,,,,,,,,,,,
,,,,,,,,,,,,,,,
,,,,,,,,,,,,,,,
,,,,,,,,,,,,,,,
,,,,,,,,,,,,,,,
,,,,,,,,,,,,,,,
,,,,,,,,,,,,,,,
,,,,,,,,,,,,,,,
,,,,,,,,,,,,,,,
,,,,,,,,,,,,,,,
,,,,,,,,,,,,,,,
,,,,,,,,,,,,,,,
,,,,,,,,,,,,,,,
,,,,,,,,,,,,,,,
,,,,,,,,,,,,,,,
,,,,,,,,,,,,,,,
,,,,,,,,,,,,,,,
,,,,,,,,,,,,,,,
,,,,,,,,,,,,,,,
,,,,,,,,,,,,,,,
,,,,,,,,,,,,,,,
,,,,,,,,,,,,,,,
,,,,,,,,,,,,,,,
,,,,,,,,,,,,,,,
,,,,,,,,,,,,,,,
,,,,,,,,,,,,,,,
,,,,,,,,,,,,,,,
,,,,,,,,,,,,,,,
,,,,,,,,,,,,,,,
,,,,,,,,,,,,,,,
,,,,,,,,,,,,,,,
,,,,,,,,,,,,,,,
,,,,,,,,,,,,,,,
,,,,,,,,,,,,,,,
,,,,,,,,,,,,,,,
,,,,,,,,,,,,,,,
,,,,,,,,,,,,,,,
,,,,,,,,,,,,,,,
,,,,,,,,,,,,,,,
,,,,,,,,,,,,,,,
,,,,,,,,,,,,,,,
,,,,,,,,,,,,,,,
,,,,,,,,,,,,,,,
,,,,,,,,,,,,,,,
,,,,,,,,,,,,,,,
,,,,,,,,,,,,,,,
,,,,,,,,,,,,,,,
,,,,,,,,,,,,,,,
,,,,,,,,,,,,,,,
,,,,,,,,,,,,,,,
,,,,,,,,,,,,,,,
,,,,,,,,,,,,,,,
,,,,,,,,,,,,,,,
,,,,,,,,,,,,,,,
,,,,,,,,,,,,,,,
,,,,,,,,,,,,,,,
,,,,,,,,,,,,,,,
,,,,,,,,,,,,,,,
,,,,,,,,,,,,,,,
,,,,,,,,,,,,,,,
,,,,,,,,,,,,,,,
,,,,,,,,,,,,,,,
,,,,,,,,,,,,,,,
,,,,,,,,,,,,,,,
,,,,,,,,,,,,,,,
,,,,,,,,,,,,,,,
,,,,,,,,,,,,,,,
,,,,,,,,,,,,,,,
,,,,,,,,,,,,,,,
,,,,,,,,,,,,,,,
,,,,,,,,,,,,,,,
,,,,,,,,,,,,,,,
,,,,,,,,,,,,,,,
,,,,,,,,,,,,,,,
,,,,,,,,,,,,,,,
,,,,,,,,,,,,,,,
,,,,,,,,,,,,,,,
,,,,,,,,,,,,,,,
,,,,,,,,,,,,,,,
,,,,,,,,,,,,,,,
,,,,,,,,,,,,,,,
,,,,,,,,,,,,,,,
,,,,,,,,,,,,,,,
,,,,,,,,,,,,,,,
,,,,,,,,,,,,,,,
,,,,,,,,,,,,,,,
,,,,,,,,,,,,,,,
,,,,,,,,,,,,,,,
,,,,,,,,,,,,,,,
,,,,,,,,,,,,,,,
,,,,,,,,,,,,,,,
,,,,,,,,,,,,,,,
,,,,,,,,,,,,,,,
,,,,,,,,,,,,,,,
,,,,,,,,,,,,,,,
,,,,,,,,,,,,,,,
,,,,,,,,,,,,,,,
,,,,,,,,,,,,,,,
,,,,,,,,,,,,,,,
,,,,,,,,,,,,,,,
,,,,,,,,,,,,,,,
,,,,,,,,,,,,,,,
,,,,,,,,,,,,,,,
,,,,,,,,,,,,,,,
,,,,,,,,,,,,,,,
,,,,,,,,,,,,,,,
,,,,,,,,,,,,,,,
,,,,,,,,,,,,,,,
,,,,,,,,,,,,,,,
,,,,,,,,,,,,,,,
,,,,,,,,,,,,,,,
,,,,,,,,,,,,,,,
,,,,,,,,,,,,,,,
,,,,,,,,,,,,,,,
,,,,,,,,,,,,,,,
,,,,,,,,,,,,,,,
,,,,,,,,,,,,,,,
,,,,,,,,,,,,,,,
,,,,,,,,,,,,,,,
,,,,,,,,,,,,,,,
,,,,,,,,,,,,,,,
,,,,,,,,,,,,,,,
,,,,,,,,,,,,,,,
,,,,,,,,,,,,,,,
,,,,,,,,,,,,,,,
,,,,,,,,,,,,,,,
,,,,,,,,,,,,,,,
,,,,,,,,,,,,,,,
,,,,,,,,,,,,,,,
,,,,,,,,,,,,,,,
,,,,,,,,,,,,,,,
,,,,,,,,,,,,,,,
,,,,,,,,,,,,,,,
,,,,,,,,,,,,,,,
,,,,,,,,,,,,,,,
,,,,,,,,,,,,,,,
,,,,,,,,,,,,,,,
,,,,,,,,,,,,,,,
,,,,,,,,,,,,,,,
,,,,,,,,,,,,,,,
,,,,,,,,,,,,,,,
,,,,,,,,,,,,,,,
,,,,,,,,,,,,,,,
,,,,,,,,,,,,,,,
,,,,,,,,,,,,,,,
,,,,,,,,,,,,,,,
,,,,,,,,,,,,,,,
,,,,,,,,,,,,,,,
,,,,,,,,,,,,,,,
,,,,,,,,,,,,,,,
,,,,,,,,,,,,,,,
,,,,,,,,,,,,,,,
,,,,,,,,,,,,,,,
,,,,,,,,,,,,,,,
,,,,,,,,,,,,,,,
,,,,,,,,,,,,,,,
,,,,,,,,,,,,,,,
,,,,,,,,,,,,,,,
,,,,,,,,,,,,,,,
,,,,,,,,,,,,,,,
,,,,,,,,,,,,,,,
,,,,,,,,,,,,,,,
,,,,,,,,,,,,,,,
,,,,,,,,,,,,,,,
,,,,,,,,,,,,,,,
,,,,,,,,,,,,,,,
,,,,,,,,,,,,,,,
,,,,,,,,,,,,,,,
,,,,,,,,,,,,,,,
,,,,,,,,,,,,,,,
,,,,,,,,,,,,,,,
,,,,,,,,,,,,,,,
,,,,,,,,,,,,,,,
,,,,,,,,,,,,,,,
,,,,,,,,,,,,,,,
,,,,,,,,,,,,,,,
,,,,,,,,,,,,,,,
,,,,,,,,,,,,,,,
,,,,,,,,,,,,,,,
,,,,,,,,,,,,,,,
,,,,,,,,,,,,,,,
,,,,,,,,,,,,,,,
,,,,,,,,,,,,,,,
,,,,,,,,,,,,,,,
,,,,,,,,,,,,,,,
,,,,,,,,,,,,,,,
,,,,,,,,,,,,,,,
,,,,,,,,,,,,,,,
,,,,,,,,,,,,,,,
,,,,,,,,,,,,,,,
,,,,,,,,,,,,,,,
,,,,,,,,,,,,,,,
,,,,,,,,,,,,,,,
,,,,,,,,,,,,,,,
,,,,,,,,,,,,,,,
,,,,,,,,,,,,,,,
,,,,,,,,,,,,,,,
,,,,,,,,,,,,,,,
,,,,,,,,,,,,,,,
,,,,,,,,,,,,,,,
,,,,,,,,,,,,,,,
,,,,,,,,,,,,,,,
,,,,,,,,,,,,,,,
,,,,,,,,,,,,,,,
,,,,,,,,,,,,,,,
,,,,,,,,,,,,,,,
,,,,,,,,,,,,,,,
,,,,,,,,,,,,,,,
,,,,,,,,,,,,,,,
,,,,,,,,,,,,,,,
,,,,,,,,,,,,,,,
,,,,,,,,,,,,,,,
,,,,,,,,,,,,,,,
,,,,,,,,,,,,,,,
,,,,,,,,,,,,,,,
,,,,,,,,,,,,,,,
,,,,,,,,,,,,,,,
,,,,,,,,,,,,,,,
,,,,,,,,,,,,,,,
,,,,,,,,,,,,,,,
,,,,,,,,,,,,,,,
,,,,,,,,,,,,,,,
,,,,,,,,,,,,,,,
